timestamp,cell_id,wilaya_name,technology,site_id,predicted_prb_pct,alert_level,horizon
2026-01-01 20:00:00+01:00,DZ-05-1571-L18-2,Batna,4G,DZ-05-1571,81.04,WARNING,24h
2026-01-01 21:00:00+01:00,DZ-05-1571-L18-2,Batna,4G,DZ-05-1571,84.76,WARNING,24h
2026-01-01 22:00:00+01:00,DZ-05-1571-L18-2,Batna,4G,DZ-05-1571,85.35,WARNING,24h
2026-01-01 00:00:00+01:00,DZ-06-1168-L18-1,Béjaïa,4G,DZ-06-1168,85.76,WARNING,24h
2026-01-01 10:00:00+01:00,DZ-06-1168-L18-1,Béjaïa,4G,DZ-06-1168,80.69,WARNING,24h
2026-01-01 11:00:00+01:00,DZ-06-1168-L18-1,Béjaïa,4G,DZ-06-1168,86.39,WARNING,24h
2026-01-01 12:00:00+01:00,DZ-06-1168-L18-1,Béjaïa,4G,DZ-06-1168,86.9,WARNING,24h
2026-01-01 13:00:00+01:00,DZ-06-1168-L18-1,Béjaïa,4G,DZ-06-1168,86.41,WARNING,24h
2026-01-01 14:00:00+01:00,DZ-06-1168-L18-1,Béjaïa,4G,DZ-06-1168,88.47,WARNING,24h
2026-01-01 15:00:00+01:00,DZ-06-1168-L18-1,Béjaïa,4G,DZ-06-1168,88.84,WARNING,24h
2026-01-01 16:00:00+01:00,DZ-06-1168-L18-1,Béjaïa,4G,DZ-06-1168,90.04,HIGH,24h
2026-01-01 17:00:00+01:00,DZ-06-1168-L18-1,Béjaïa,4G,DZ-06-1168,90.26,HIGH,24h
2026-01-01 18:00:00+01:00,DZ-06-1168-L18-1,Béjaïa,4G,DZ-06-1168,91.45,HIGH,24h
2026-01-01 19:00:00+01:00,DZ-06-1168-L18-1,Béjaïa,4G,DZ-06-1168,96.46,HIGH,24h
2026-01-01 20:00:00+01:00,DZ-06-1168-L18-1,Béjaïa,4G,DZ-06-1168,96.96,HIGH,24h
2026-01-01 21:00:00+01:00,DZ-06-1168-L18-1,Béjaïa,4G,DZ-06-1168,97.03,HIGH,24h
2026-01-01 22:00:00+01:00,DZ-06-1168-L18-1,Béjaïa,4G,DZ-06-1168,96.73,HIGH,24h
2026-01-01 23:00:00+01:00,DZ-06-1168-L18-1,Béjaïa,4G,DZ-06-1168,94.75,HIGH,24h
2026-01-01 00:00:00+01:00,DZ-06-1168-L18-2,Béjaïa,4G,DZ-06-1168,85.27,WARNING,24h
2026-01-01 10:00:00+01:00,DZ-06-1168-L18-2,Béjaïa,4G,DZ-06-1168,83.84,WARNING,24h
2026-01-01 11:00:00+01:00,DZ-06-1168-L18-2,Béjaïa,4G,DZ-06-1168,87.0,WARNING,24h
2026-01-01 12:00:00+01:00,DZ-06-1168-L18-2,Béjaïa,4G,DZ-06-1168,88.22,WARNING,24h
2026-01-01 13:00:00+01:00,DZ-06-1168-L18-2,Béjaïa,4G,DZ-06-1168,89.58,WARNING,24h
2026-01-01 14:00:00+01:00,DZ-06-1168-L18-2,Béjaïa,4G,DZ-06-1168,88.61,WARNING,24h
2026-01-01 15:00:00+01:00,DZ-06-1168-L18-2,Béjaïa,4G,DZ-06-1168,88.8,WARNING,24h
2026-01-01 16:00:00+01:00,DZ-06-1168-L18-2,Béjaïa,4G,DZ-06-1168,90.32,HIGH,24h
2026-01-01 17:00:00+01:00,DZ-06-1168-L18-2,Béjaïa,4G,DZ-06-1168,90.6,HIGH,24h
2026-01-01 18:00:00+01:00,DZ-06-1168-L18-2,Béjaïa,4G,DZ-06-1168,92.44,HIGH,24h
2026-01-01 19:00:00+01:00,DZ-06-1168-L18-2,Béjaïa,4G,DZ-06-1168,95.64,HIGH,24h
2026-01-01 20:00:00+01:00,DZ-06-1168-L18-2,Béjaïa,4G,DZ-06-1168,96.34,HIGH,24h
2026-01-01 21:00:00+01:00,DZ-06-1168-L18-2,Béjaïa,4G,DZ-06-1168,96.43,HIGH,24h
2026-01-01 22:00:00+01:00,DZ-06-1168-L18-2,Béjaïa,4G,DZ-06-1168,95.93,HIGH,24h
2026-01-01 23:00:00+01:00,DZ-06-1168-L18-2,Béjaïa,4G,DZ-06-1168,93.93,HIGH,24h
2026-01-01 19:00:00+01:00,DZ-09-0703-L18-1,Blida,4G,DZ-09-0703,82.18,WARNING,24h
2026-01-01 20:00:00+01:00,DZ-09-0703-L18-1,Blida,4G,DZ-09-0703,86.64,WARNING,24h
2026-01-01 21:00:00+01:00,DZ-09-0703-L18-1,Blida,4G,DZ-09-0703,88.35,WARNING,24h
2026-01-01 22:00:00+01:00,DZ-09-0703-L18-1,Blida,4G,DZ-09-0703,88.19,WARNING,24h
2026-01-01 23:00:00+01:00,DZ-09-0703-L18-1,Blida,4G,DZ-09-0703,81.68,WARNING,24h
2026-01-01 21:00:00+01:00,DZ-09-0703-L18-2,Blida,4G,DZ-09-0703,81.69,WARNING,24h
2026-01-01 20:00:00+01:00,DZ-15-1457-L18-1,Tizi Ouzou,4G,DZ-15-1457,83.23,WARNING,24h
2026-01-01 21:00:00+01:00,DZ-15-1457-L18-1,Tizi Ouzou,4G,DZ-15-1457,86.79,WARNING,24h
2026-01-01 22:00:00+01:00,DZ-15-1457-L18-1,Tizi Ouzou,4G,DZ-15-1457,86.19,WARNING,24h
2026-01-01 00:00:00+01:00,DZ-15-1457-L18-2,Tizi Ouzou,4G,DZ-15-1457,82.6,WARNING,24h
2026-01-01 11:00:00+01:00,DZ-15-1457-L18-2,Tizi Ouzou,4G,DZ-15-1457,80.17,WARNING,24h
2026-01-01 13:00:00+01:00,DZ-15-1457-L18-2,Tizi Ouzou,4G,DZ-15-1457,82.25,WARNING,24h
2026-01-01 14:00:00+01:00,DZ-15-1457-L18-2,Tizi Ouzou,4G,DZ-15-1457,81.09,WARNING,24h
2026-01-01 15:00:00+01:00,DZ-15-1457-L18-2,Tizi Ouzou,4G,DZ-15-1457,81.43,WARNING,24h
2026-01-01 16:00:00+01:00,DZ-15-1457-L18-2,Tizi Ouzou,4G,DZ-15-1457,84.42,WARNING,24h
2026-01-01 17:00:00+01:00,DZ-15-1457-L18-2,Tizi Ouzou,4G,DZ-15-1457,86.14,WARNING,24h
2026-01-01 18:00:00+01:00,DZ-15-1457-L18-2,Tizi Ouzou,4G,DZ-15-1457,89.2,WARNING,24h
2026-01-01 19:00:00+01:00,DZ-15-1457-L18-2,Tizi Ouzou,4G,DZ-15-1457,94.99,HIGH,24h
2026-01-01 20:00:00+01:00,DZ-15-1457-L18-2,Tizi Ouzou,4G,DZ-15-1457,94.43,HIGH,24h
2026-01-01 21:00:00+01:00,DZ-15-1457-L18-2,Tizi Ouzou,4G,DZ-15-1457,96.12,HIGH,24h
2026-01-01 22:00:00+01:00,DZ-15-1457-L18-2,Tizi Ouzou,4G,DZ-15-1457,95.74,HIGH,24h
2026-01-01 23:00:00+01:00,DZ-15-1457-L18-2,Tizi Ouzou,4G,DZ-15-1457,89.92,WARNING,24h
2026-01-01 22:00:00+01:00,DZ-16-0402-L18-1,Alger,4G,DZ-16-0402,81.15,WARNING,24h
2026-01-01 18:00:00+01:00,DZ-16-0842-G09-1,Alger,2G,DZ-16-0842,81.72,WARNING,24h
2026-01-01 18:00:00+01:00,DZ-16-1152-L18-1,Alger,4G,DZ-16-1152,82.14,WARNING,24h
2026-01-01 19:00:00+01:00,DZ-16-1152-L18-1,Alger,4G,DZ-16-1152,85.75,WARNING,24h
2026-01-01 20:00:00+01:00,DZ-16-1152-L18-1,Alger,4G,DZ-16-1152,89.45,WARNING,24h
2026-01-01 21:00:00+01:00,DZ-16-1152-L18-1,Alger,4G,DZ-16-1152,90.95,HIGH,24h
2026-01-01 22:00:00+01:00,DZ-16-1152-L18-1,Alger,4G,DZ-16-1152,91.75,HIGH,24h
2026-01-01 23:00:00+01:00,DZ-16-1152-L18-1,Alger,4G,DZ-16-1152,86.68,WARNING,24h
2026-01-01 19:00:00+01:00,DZ-16-1152-L18-2,Alger,4G,DZ-16-1152,83.45,WARNING,24h
2026-01-01 20:00:00+01:00,DZ-16-1152-L18-2,Alger,4G,DZ-16-1152,86.18,WARNING,24h
2026-01-01 21:00:00+01:00,DZ-16-1152-L18-2,Alger,4G,DZ-16-1152,88.89,WARNING,24h
2026-01-01 22:00:00+01:00,DZ-16-1152-L18-2,Alger,4G,DZ-16-1152,88.86,WARNING,24h
2026-01-01 23:00:00+01:00,DZ-16-1152-L18-2,Alger,4G,DZ-16-1152,82.65,WARNING,24h
2026-01-01 19:00:00+01:00,DZ-18-1498-L18-2,Jijel,4G,DZ-18-1498,80.14,WARNING,24h
2026-01-01 20:00:00+01:00,DZ-18-1498-L18-2,Jijel,4G,DZ-18-1498,82.91,WARNING,24h
2026-01-01 21:00:00+01:00,DZ-18-1498-L18-2,Jijel,4G,DZ-18-1498,85.54,WARNING,24h
2026-01-01 22:00:00+01:00,DZ-18-1498-L18-2,Jijel,4G,DZ-18-1498,85.5,WARNING,24h
2026-01-01 20:00:00+01:00,DZ-19-0649-L18-1,Sétif,4G,DZ-19-0649,80.97,WARNING,24h
2026-01-01 21:00:00+01:00,DZ-19-0649-L18-1,Sétif,4G,DZ-19-0649,82.13,WARNING,24h
2026-01-01 22:00:00+01:00,DZ-19-0649-L18-1,Sétif,4G,DZ-19-0649,81.52,WARNING,24h
2026-01-01 11:00:00+01:00,DZ-19-0649-L18-2,Sétif,4G,DZ-19-0649,82.59,WARNING,24h
2026-01-01 12:00:00+01:00,DZ-19-0649-L18-2,Sétif,4G,DZ-19-0649,82.58,WARNING,24h
2026-01-01 13:00:00+01:00,DZ-19-0649-L18-2,Sétif,4G,DZ-19-0649,84.03,WARNING,24h
2026-01-01 14:00:00+01:00,DZ-19-0649-L18-2,Sétif,4G,DZ-19-0649,84.42,WARNING,24h
2026-01-01 15:00:00+01:00,DZ-19-0649-L18-2,Sétif,4G,DZ-19-0649,84.11,WARNING,24h
2026-01-01 16:00:00+01:00,DZ-19-0649-L18-2,Sétif,4G,DZ-19-0649,85.21,WARNING,24h
2026-01-01 17:00:00+01:00,DZ-19-0649-L18-2,Sétif,4G,DZ-19-0649,86.35,WARNING,24h
2026-01-01 18:00:00+01:00,DZ-19-0649-L18-2,Sétif,4G,DZ-19-0649,86.92,WARNING,24h
2026-01-01 19:00:00+01:00,DZ-19-0649-L18-2,Sétif,4G,DZ-19-0649,93.11,HIGH,24h
2026-01-01 20:00:00+01:00,DZ-19-0649-L18-2,Sétif,4G,DZ-19-0649,95.3,HIGH,24h
2026-01-01 21:00:00+01:00,DZ-19-0649-L18-2,Sétif,4G,DZ-19-0649,95.36,HIGH,24h
2026-01-01 22:00:00+01:00,DZ-19-0649-L18-2,Sétif,4G,DZ-19-0649,94.21,HIGH,24h
2026-01-01 23:00:00+01:00,DZ-19-0649-L18-2,Sétif,4G,DZ-19-0649,89.23,WARNING,24h
2026-01-01 21:00:00+01:00,DZ-23-1604-L18-1,Annaba,4G,DZ-23-1604,81.82,WARNING,24h
2026-01-01 22:00:00+01:00,DZ-23-1604-L18-1,Annaba,4G,DZ-23-1604,82.13,WARNING,24h
2026-01-01 16:00:00+01:00,DZ-23-1604-L18-2,Annaba,4G,DZ-23-1604,80.06,WARNING,24h
2026-01-01 18:00:00+01:00,DZ-23-1604-L18-2,Annaba,4G,DZ-23-1604,83.14,WARNING,24h
2026-01-01 19:00:00+01:00,DZ-23-1604-L18-2,Annaba,4G,DZ-23-1604,88.47,WARNING,24h
2026-01-01 20:00:00+01:00,DZ-23-1604-L18-2,Annaba,4G,DZ-23-1604,92.41,HIGH,24h
2026-01-01 21:00:00+01:00,DZ-23-1604-L18-2,Annaba,4G,DZ-23-1604,92.74,HIGH,24h
2026-01-01 22:00:00+01:00,DZ-23-1604-L18-2,Annaba,4G,DZ-23-1604,93.63,HIGH,24h
2026-01-01 23:00:00+01:00,DZ-23-1604-L18-2,Annaba,4G,DZ-23-1604,89.03,WARNING,24h
2026-01-01 12:00:00+01:00,DZ-25-0598-L18-1,Constantine,4G,DZ-25-0598,81.36,WARNING,24h
2026-01-01 13:00:00+01:00,DZ-25-0598-L18-1,Constantine,4G,DZ-25-0598,81.96,WARNING,24h
2026-01-01 14:00:00+01:00,DZ-25-0598-L18-1,Constantine,4G,DZ-25-0598,80.96,WARNING,24h
2026-01-01 15:00:00+01:00,DZ-25-0598-L18-1,Constantine,4G,DZ-25-0598,80.95,WARNING,24h
2026-01-01 16:00:00+01:00,DZ-25-0598-L18-1,Constantine,4G,DZ-25-0598,84.11,WARNING,24h
2026-01-01 17:00:00+01:00,DZ-25-0598-L18-1,Constantine,4G,DZ-25-0598,82.44,WARNING,24h
2026-01-01 18:00:00+01:00,DZ-25-0598-L18-1,Constantine,4G,DZ-25-0598,87.11,WARNING,24h
2026-01-01 19:00:00+01:00,DZ-25-0598-L18-1,Constantine,4G,DZ-25-0598,91.81,HIGH,24h
2026-01-01 20:00:00+01:00,DZ-25-0598-L18-1,Constantine,4G,DZ-25-0598,93.49,HIGH,24h
2026-01-01 21:00:00+01:00,DZ-25-0598-L18-1,Constantine,4G,DZ-25-0598,94.46,HIGH,24h
2026-01-01 22:00:00+01:00,DZ-25-0598-L18-1,Constantine,4G,DZ-25-0598,94.67,HIGH,24h
2026-01-01 23:00:00+01:00,DZ-25-0598-L18-1,Constantine,4G,DZ-25-0598,89.92,WARNING,24h
2026-01-01 18:00:00+01:00,DZ-25-0598-L18-2,Constantine,4G,DZ-25-0598,83.3,WARNING,24h
2026-01-01 19:00:00+01:00,DZ-25-0598-L18-2,Constantine,4G,DZ-25-0598,87.16,WARNING,24h
2026-01-01 20:00:00+01:00,DZ-25-0598-L18-2,Constantine,4G,DZ-25-0598,89.33,WARNING,24h
2026-01-01 21:00:00+01:00,DZ-25-0598-L18-2,Constantine,4G,DZ-25-0598,90.03,HIGH,24h
2026-01-01 22:00:00+01:00,DZ-25-0598-L18-2,Constantine,4G,DZ-25-0598,91.69,HIGH,24h
2026-01-01 23:00:00+01:00,DZ-25-0598-L18-2,Constantine,4G,DZ-25-0598,85.99,WARNING,24h
2026-01-01 20:00:00+01:00,DZ-31-0247-L18-1,Oran,4G,DZ-31-0247,80.23,WARNING,24h
2026-01-01 21:00:00+01:00,DZ-31-0247-L18-1,Oran,4G,DZ-31-0247,82.2,WARNING,24h
2026-01-01 22:00:00+01:00,DZ-31-0247-L18-1,Oran,4G,DZ-31-0247,83.03,WARNING,24h
2026-01-01 20:00:00+01:00,DZ-31-0733-L18-1,Oran,4G,DZ-31-0733,81.91,WARNING,24h
2026-01-01 21:00:00+01:00,DZ-31-0733-L18-1,Oran,4G,DZ-31-0733,85.11,WARNING,24h
2026-01-01 22:00:00+01:00,DZ-31-0733-L18-1,Oran,4G,DZ-31-0733,87.32,WARNING,24h
2026-01-01 19:00:00+01:00,DZ-42-0238-L18-1,Tipaza,4G,DZ-42-0238,83.33,WARNING,24h
2026-01-01 20:00:00+01:00,DZ-42-0238-L18-1,Tipaza,4G,DZ-42-0238,85.55,WARNING,24h
2026-01-01 21:00:00+01:00,DZ-42-0238-L18-1,Tipaza,4G,DZ-42-0238,88.96,WARNING,24h
2026-01-01 22:00:00+01:00,DZ-42-0238-L18-1,Tipaza,4G,DZ-42-0238,88.77,WARNING,24h
2026-01-01 23:00:00+01:00,DZ-42-0238-L18-1,Tipaza,4G,DZ-42-0238,82.69,WARNING,24h
