feature,importance
prb_utilization_pct_lag1h,301
hour,272
dl_traffic_volume_gb_lag1h,270
azimuth,220
prb_utilization_pct_lag168h,183
prb_utilization_pct_lag24h,180
dl_traffic_volume_gb_lag2h,161
prb_utilization_pct_lag2h,132
prb_utilization_pct_lag12h,125
prb_utilization_pct_lag48h,123
prb_utilization_pct_roll_mean_168h,116
prb_utilization_pct_lag6h,114
hour_cos,113
dl_traffic_volume_gb_lag3h,110
dl_traffic_volume_gb_lag24h,103
prb_utilization_pct_roll_std_168h,102
prb_utilization_pct_roll_std_6h,102
hour_sin,90
prb_utilization_pct_roll_mean_6h,88
dl_traffic_volume_gb_lag48h,85
dl_traffic_volume_gb_roll_mean_24h,84
day_of_week,76
prb_utilization_pct_roll_std_24h,73
dl_traffic_volume_gb_lag12h,65
dl_traffic_volume_gb_roll_std_6h,64
dl_traffic_volume_gb_lag6h,59
prb_utilization_pct_roll_mean_24h,59
prb_utilization_pct_lag3h,58
dl_traffic_volume_gb_lag168h,58
dl_traffic_volume_gb_roll_mean_6h,55
dl_traffic_volume_gb_roll_std_168h,50
day_of_year,50
wilaya_code,49
dow_cos,47
day_of_month,40
prb_utilization_pct_same_hour_1d,40
prb_utilization_pct_same_hour_1w,40
area_type_ord,27
band,26
dl_traffic_volume_gb_roll_mean_168h,22
dl_traffic_volume_gb_roll_std_24h,21
dl_traffic_volume_gb_same_hour_1w,21
is_weekend,20
dl_traffic_volume_gb_same_hour_1d,19
week_of_year,17
dow_sin,15
is_special_day,14
month_sin,14
technology_ord,9
month,8
month_cos,5
year,3
is_summer,1
ramadan_hour,0
is_football_match,0
post_5g_launch,0
is_public_holiday,0
is_eid_al_adha,0
is_eid_al_fitr,0
is_ramadan,0
quarter,0
is_eid,0
is_bac_exam,0
is_bem_exam,0
is_exam_period,0
