target,horizon,model,MAE,RMSE,MAPE,sMAPE,WAPE
dl_traffic_volume_gb,24h,naive,1.9468,3.5447,105.81,54.7,54.38
dl_traffic_volume_gb,24h,seasonal_naive_yesterday,2.1648,88.0013,52.74,20.19,60.47
dl_traffic_volume_gb,24h,seasonal_naive_last_week,2.6608,114.552,57.32,23.21,74.33
dl_traffic_volume_gb,24h,moving_average_24h,2.9589,18.1679,119.88,46.9,82.65
dl_traffic_volume_gb,24h,ridge,2.2751,14.5548,552.57,100.27,63.55
dl_traffic_volume_gb,24h,rf,0.9444,4.1301,78.05,28.97,26.38
dl_traffic_volume_gb,24h,lgb,1.3473,3.0711,598.89,66.72,37.64
dl_traffic_volume_gb,24h,xgb,2.4387,15.5962,195.73,51.99,68.12
dl_traffic_volume_gb,7d,naive,2.4724,51.7781,115.04,57.07,63.61
dl_traffic_volume_gb,7d,seasonal_naive_yesterday,2.7021,105.5549,63.69,22.56,69.52
dl_traffic_volume_gb,7d,seasonal_naive_last_week,2.2517,102.9343,50.89,21.69,57.93
dl_traffic_volume_gb,7d,moving_average_24h,3.5194,55.1049,133.49,49.34,90.55
dl_traffic_volume_gb,7d,ridge,13.769,62.249,1125.37,129.15,354.26
dl_traffic_volume_gb,7d,rf,3.0139,53.4253,390.27,55.01,77.55
dl_traffic_volume_gb,7d,lgb,8.3672,62.4477,4871.46,97.93,215.28
dl_traffic_volume_gb,7d,xgb,9.5513,87.07,1772.13,76.87,245.75
prb_utilization_pct,24h,naive,15.1743,20.1523,80.05,40.36,35.31
prb_utilization_pct,24h,seasonal_naive_yesterday,5.1455,7.809,29.2,14.78,11.97
prb_utilization_pct,24h,seasonal_naive_last_week,6.3809,10.4883,70.54,18.24,14.85
prb_utilization_pct,24h,moving_average_24h,13.396,16.496,89.52,36.37,31.17
prb_utilization_pct,24h,ridge,4.8016,6.8671,37.44,14.39,11.17
prb_utilization_pct,24h,rf,4.1096,6.0297,24.73,12.19,9.56
prb_utilization_pct,24h,lgb,3.8813,5.7757,18.04,11.55,9.03
prb_utilization_pct,24h,xgb,3.9242,5.8113,23.66,11.72,9.13
prb_utilization_pct,7d,naive,16.1228,21.0733,71.27,41.82,37.68
prb_utilization_pct,7d,seasonal_naive_yesterday,5.9934,9.1674,20.22,16.6,14.01
prb_utilization_pct,7d,seasonal_naive_last_week,5.9476,9.8659,26.56,16.69,13.9
prb_utilization_pct,7d,moving_average_24h,13.8979,17.2108,62.99,37.41,32.48
prb_utilization_pct,7d,ridge,6.0735,8.5336,24.57,18.1,14.2
prb_utilization_pct,7d,rf,4.4015,6.7815,15.81,12.7,10.29
prb_utilization_pct,7d,lgb,4.0725,6.4571,13.31,11.57,9.52
prb_utilization_pct,7d,xgb,4.1318,6.4997,14.4,11.75,9.66
